{
    "translation_x": -0.26559396806489033,
    "translation_y": -0.3853525589346912,
    "translation_z": 0.48483525796594473,
    "rotation_matrix": [
        [
            0.9977997535442736,
            -0.004066286975991799,
            -0.06617489808995411
        ],
        [
            -0.0022995948614761884,
            0.9953942536128128,
            -0.09583836255938652
        ],
        [
            0.06625981957762944,
            0.09577966999744897,
            0.9931947901216155
        ]
    ],
    "pixels_per_meter": 1916.1951904296875,
    "mm_per_pixel": 0.5218675136566162
}