{
    "corner_bottom_left_front": [
        -0.17445800621615112,
        -0.7104705417473477,
        0.08771033831831196,
        0.009355685115818194,
        -2.2581509969465627,
        2.1743915313977893
    ],
    "corner_bottom_right_front": [
        0.11185538355631304,
        -0.7088574351712441,
        0.076332262145814,
        0.09357744495186986,
        -2.2485963985415385,
        2.1746100900450447
    ],
    "corner_bottom_left_back": [
        -0.17064552586384685,
        -0.9797431105390428,
        0.07661670932045016,
        -0.05842141622753313,
        2.3354785402497864,
        -2.0990777892967043
    ],
    "corner_bottom_right_back": [
        0.07056640905040112,
        -0.9909625029750065,
        0.07371587891918892,
        -0.06961988435015144,
        2.323957835424663,
        -1.9925017252124486
    ],
    "corner_top_left_front": [
        -0.16799680290621694,
        -0.6707109862279854,
        0.2858721321759747,
        -0.13124796483456969,
        2.333379047746847,
        -2.08437359173893
    ],
    "corner_top_right_front": [
        0.1412982964529733,
        -0.6884252808733973,
        0.28753798897857846,
        0.05551584576824072,
        2.2126588634131137,
        -2.154446615752835
    ],
    "corner_top_left_back": [
        -0.18697498138501628,
        -1.0188760894429723,
        0.23646462765439052,
        -0.028576299809379997,
        2.2985310776570915,
        -2.1315415143849474
    ],
    "corner_top_right_back": [
        0.0370830706632448,
        -1.039689337553474,
        0.2565844608627022,
        -0.03184274846989799,
        2.2654833416069593,
        -2.1411081387102673
    ],
    "entry_pose": [
        -0.04029742797392748,
        -0.5840322768634055,
        0.09302037987599276,
        0.03779069641997726,
        2.2673109762558354,
        -2.132163321714794
    ],
    "x_min": -0.18197498138501628,
    "x_max": 0.13629829645297328,
    "y_min": -1.034689337553474,
    "y_max": -0.6757109862279854,
    "z_min": 0.07871587891918892,
    "z_max": 0.28253798897857846
}