{
    "corner_bottom_left_front": [
        0.08849794472579664,
        -0.8660598594490254,
        0.02321274465886753,
        -0.24992797882945064,
        2.468580210486333,
        -1.8135729925931356
    ],
    "corner_bottom_right_front": [
        -0.20113874313927702,
        -0.8605486490004279,
        0.0373737982812343,
        -0.054394391179922064,
        -2.3997603372585816,
        1.9674356378013924
    ],
    "corner_bottom_left_back": [
        0.07840254887362852,
        -1.0140608819186503,
        0.06086892992094442,
        -0.12117481154750358,
        2.32756823513603,
        -1.9486129178341358
    ],
    "corner_bottom_right_back": [
        -0.20904211036010717,
        -1.0274602801577324,
        0.03051388637336925,
        0.08150838863232224,
        -2.333519559766084,
        2.0658151691782067
    ],
    "corner_top_left_front": [
        0.11234544524753397,
        -0.9034630578723157,
        0.2758567046137399,
        -0.08117030464842959,
        2.217475405300476,
        -2.118097155449587
    ],
    "corner_top_right_front": [
        -0.2098078435196813,
        -0.9051846558865118,
        0.29001113259760686,
        0.06535914174358948,
        -2.138037049325219,
        2.219848359081974
    ],
    "corner_top_left_back": [
        0.06755389311286576,
        -1.0494074329040701,
        0.2454199257217655,
        0.054091890981660604,
        2.2066103409434747,
        -2.1984429363314573
    ],
    "corner_top_right_back": [
        -0.19764756990259477,
        -1.0227158870448043,
        0.22974097139839306,
        0.06416507654209098,
        2.2235403965169755,
        -2.116614695121623
    ],
    "entry_pose": [
        -0.07801245721384113,
        -0.7378689872152179,
        0.11126561658633825,
        -0.13618622203069392,
        2.243266504668469,
        -2.1489104262729932
    ],
    "x_min": -0.2048078435196813,
    "x_max": 0.10734544524753396,
    "y_min": -1.0444074329040702,
    "y_max": -0.8655486490004279,
    "z_min": 0.02821274465886753,
    "z_max": 0.28501113259760685
}